soal,version-soal,opsi-1,opsi-2,opsi-3,opsi-4,opsi-5,opsi-benar,total-benar,total-salah,total-muncul,current-total-benar,current-total-muncul,prob-benar,current-prob,level-soal,current-level
"Bagian dari bidang biologi yang membutuhkan penggunaan mikroskop, sebagai contoh",001v001,Atom dan molekul,"Organel, sel dan jaringan",Bioma dan biosfer,Membran sel,Organ dan sistem organ,2,3,3,6,0,9,0.5,0.2,2,3
"Dalam studi biologi, penggunaan mikroskop diperlukan untuk mempelajari hal seperti",001v002,Atom dan molekul,"Organel, sel dan jaringan",Bioma dan biosfer,Membran sel,Organ dan sistem organ,2,0,0,0,8,11,0,0.73,2,1
"Ilmu biologi yang membutuhkan penggunaan mikroskop untuk mengkaji, sebagai contoh",001v003,Atom dan molekul,"Organel, sel dan jaringan",Bioma dan biosfer,Membran sel,Organ dan sistem organ,2,0,0,0,2,15,0,0.13,2,3
Cabang biologi yang mendorong peneliti untuk menghasilkan bibit unggul melalui hibridisasi (persilangan) ,002v001,Sitologi,Histologi,Taksonomi,Genetika,Botani,4,6,6,12,9,11,0.5,0.65,2,2
Cabang ilmu biologi yang menjadi dasar bagi peneliti dalam mengembangkan bibit unggul melalui teknik persilangan,002v002,Sitologi,Histologi,Taksonomi,Genetika,Botani,4,0,0,0,4,6,0,0.67,2,2
Bidang biologi yang mendasari upaya para peneliti dalam meningkatkan produksi pangan melalui pengembangan bibit unggul menggunakan hibridisasi,002v003,Sitologi,Histologi,Taksonomi,Genetika,Botani,4,0,0,0,11,13,0,0.85,2,1
Hal yang dipelajari dalam biologi untuk mengembangkan obat untuk flu burung (SARS) adalah,004v001,Bakteri,Virus,Sanitasi,Parasit,Epidemiologi,2,3,3,6,5,9,0.5,0.53,2,2
Komponen studi biologi yang diperlukan dalam pengembangan obat untuk flu burung (SARS) adalah,004v002,Bakteri,Virus,Sanitasi,Parasit,Epidemiologi,2,0,0,0,3,12,0,0.25,2,3
Aspek biologi yang penting dalam upaya mengembangkan obat untuk flu burung (SARS) adalah,004v003,Bakteri,Virus,Sanitasi,Parasit,Epidemiologi,2,0,0,0,4,9,0,0.44,2,2
"Ada sejumlah kelompok belalang, semut, dan rumput sehingga terbentuk",005v001,Ekosistem,Komunitas,Bioma,Biosfer,Lingkungan,2,4,7,11,2,7,0.36,0.33,2,2
"Terdapat kumpulan kelompok belalang, semut, dan rumput yang akan membentuk",005v002,Ekosistem,Komunitas,Bioma,Biosfer,Lingkungan,2,0,0,0,5,6,0,0.83,2,1
"Di suatu tempat terdapat kumpulan kelompok belalang,kelompok semut dan kelompok rumput. Kumpulan kelompok tersebut akan membentuk",005v003,Ekosistem,Komunitas,Bioma,Biosfer,Lingkungan,2,0,0,0,3,7,0,0.43,2,2
Pilihlah yang tidak termasuk dalam persiapan sebelum melakukan penelitian ilmiah,006v001,Alat dan bahan,Metode penelitian,Laporan penelitian,Objek penelitian,Variabel data yang akan diukur,3,2,4,6,3,8,0.33,0.36,2,2
Pilihlah mana yang bukan termasuk  hal yang disiapkan sebelum melakukan penelitian ilmiah,006v002,Alat dan bahan,Metode penelitian,Laporan penelitian,Objek penelitian,Variabel data yang akan diukur,3,0,0,0,4,6,0,0.67,2,2
Mana yang tidak menjadi bagian dari persiapan sebelum melakukan penelitian ilmiah,006v003,Alat dan bahan,Metode penelitian,Laporan penelitian,Objek penelitian,Variabel data yang akan diukur,3,0,0,0,1,6,0,0.17,2,3
"Di antara yang berikut ini, kegiatan manakah bukan termasuk dalam pengamatan",008v001,Melihat,Mendengar,Mengukur,Membau,Meramalkan,5,2,2,4,8,9,0.5,0.77,2,1
Mana di antara berikut yang bukan merupakan kegiatan pengamatan,008v002,Melihat,Mendengar,Mengukur,Membau,Meramalkan,5,0,0,0,7,11,0,0.64,2,2
Berikut ini yang bukan merupakan kegiatan observasi adalah,008v003,Melihat,Mendengar,Mengukur,Membau,Meramalkan,5,0,0,0,4,8,0,0.5,2,2
"Pada penulisan makalah, terdapat bagian yang membahas pengolahan data yang disebut sebagai",009v001,Abstrak,Pembahasan,Kerangka teori,Prakata,Metodologi penelitia,2,3,2,5,4,8,0.6,0.54,2,2
"Pada penulisan makalah terdapat bab yang membahas pengolahan data, yaitu bagian",009v002,Abstrak,Pembahasan,Kerangka teori,Prakata,Metodologi penelitia,2,0,0,0,4,7,0,0.57,2,2
"Saat Anda menulis makalah, bagian yang membahas pengolahan data disebut",009v003,Abstrak,Pembahasan,Kerangka teori,Prakata,Metodologi penelitia,2,0,0,0,6,8,0,0.75,2,1
"Sampai saat ini, tidak ada obat untuk penyakit AIDS. Para ahli melakukan penelitian untuk memahami aktivitas Virus HIV di tingkat organisasi kehidupan, yaitu",010v001,Molekul,Sel,Jaringan,Organ,Sistem organ,2,2,4,6,2,10,0.33,0.25,2,3
"Saat ini, belum ada obat yang efektif untuk AIDS. Ahli sedang melakukan penelitian untuk memahami aktivitas Virus HIV pada tingkat kehidupan, yakni",010v002,Molekul,Sel,Jaringan,Organ,Sistem organ,2,0,0,0,1,4,0,0.25,2,3
"Sampai sekarang, belum ada obat yang tersedia untuk AIDS. Penelitian sedang dilakukan oleh para ahli untuk memahami aktivitas Virus HIV di tingkat organisasi kehidupan, yaitu",010v003,Molekul,Sel,Jaringan,Organ,Sistem organ,2,0,0,0,4,7,0,0.57,2,2
Dinding sel bakteri terbuat dari campuran polisakarida dan protein. Campuran ini disebut dengan,011v001,Hemiselulosa,Kitin,Selulosa,Pektin,Peptidoglikan,5,1,1,2,9,11,0.5,0.77,2,1
Dinding sel bakteri terbentuk dari kombinasi polisakarida dan protein. Kombinasi ini dikenal sebagai,011v002,Hemiselulosa,Kitin,Selulosa,Pektin,Peptidoglikan,5,0,0,0,6,9,0,0.67,2,2
Dinding sel bakteri terdiri dari polisakarida dan protein yang bergabung. Gabungan ini disebut,011v003,Hemiselulosa,Kitin,Selulosa,Pektin,Peptidoglikan,5,0,0,0,3,9,0,0.33,2,2
Film Hollywood terkenal Jurassic Park bercerita tentang kehidupan hewan purba. Ilmu biologi yang digunakan adalah,012v001,Evolusi,Botani,Zoology,Palaentologi,Anatomi,4,3,4,7,7,12,0.43,0.53,2,2
Pembuatan film Jurassic Park yang terkenal di Hollywood menceritakan tentang hewan-hewan purba. Ilmu biologi yang terlibat adalah,012v002,Evolusi,Botani,Zoology,Palaentologi,Anatomi,4,0,0,0,2,12,0,0.17,2,3
"Jurassic Park, film Hollywood terkenal, mengisahkan kehidupan hewan purba. Ilmu biologi yang berperan adalah",012v003,Evolusi,Botani,Zoology,Palaentologi,Anatomi,4,0,0,0,4,8,0,0.5,2,2
Manfaat biologi di bidang peternakan adalah,014v001,Memperbanyak dengan teknik kultur jaringan,Membuat antibody monocional,Membuat vaksin pencegah penyakit virus SARS,Terapi gen transgenic menghasilkan susu sapi lebih berkualitas,Menghasilkan insulin,4,4,5,9,3,9,0.44,0.39,2,2
Berikut manfaat biologi di bidang peternakan adalah,014v002,Memperbanyak dengan teknik kultur jaringan,Membuat antibody monocional,Membuat vaksin pencegah penyakit virus SARS,Terapi gen transgenic menghasilkan susu sapi lebih berkualitas,Menghasilkan insulin,4,0,0,0,1,15,0,0.07,2,3
Biologi memberikan manfaat berikut dalam peternakan,014v003,Memperbanyak dengan teknik kultur jaringan,Membuat antibody monocional,Membuat vaksin pencegah penyakit virus SARS,Terapi gen transgenic menghasilkan susu sapi lebih berkualitas,Menghasilkan insulin,4,0,0,0,5,6,0,0.83,2,1
Peneliti mengamati perilaku harimau Sumatera. Pengamatan ini dilakukan pada tingkat,015v001,Ekosistem,Komunitas,Populasi,Individu,Bioma,3,6,6,12,3,11,0.5,0.39,2,2
Sekelompok peneliti melakukan pengamatan terhadap perilaku sekumpulan harimau Sumatera (Panthera tigris sumatrae). Pengamatan yang dilakukan oleh sekelompok ini dilakukan pada tingkat,015v002,Ekosistem,Komunitas,Populasi,Individu,Bioma,3,0,0,0,8,12,0,0.67,2,2
Peneliti mempelajari perilaku harimau Sumatera. Studi ini dilakukan pada tingkat,015v003,Ekosistem,Komunitas,Populasi,Individu,Bioma,3,0,0,0,2,3,0,0.67,2,2
Tumbuhan yang termasuk dalam tingkatan satu gen adalah,018v001,"Mangga manalagi, mangga geding, dan mangga harum manis","Jambu, manga, dan papaya","Kelapa sawit, kelapa gading, dan aren","Aren, jambu dan kelapa sawit","Bawang merah, bawang putih dan bawang daun",1,4,3,7,4,7,0.57,0.57,2,2
Kelompok tumbuhan yang merupakan tingkatan satu gen adalah,018v002,"Mangga manalagi, mangga geding, dan mangga harum manis","Jambu, manga, dan papaya","Kelapa sawit, kelapa gading, dan aren","Aren, jambu dan kelapa sawit","Bawang merah, bawang putih dan bawang daun",1,0,0,0,5,7,0,0.71,2,1
Kelompok tumbuhan di tingkatan satu gen adalah,018v003,"Mangga manalagi, mangga geding, dan mangga harum manis","Jambu, manga, dan papaya","Kelapa sawit, kelapa gading, dan aren","Aren, jambu dan kelapa sawit","Bawang merah, bawang putih dan bawang daun",1,0,0,0,4,8,0,0.5,2,2
Beberapa bakteri hidup bebas di lingkungan dan bisa membuat makanannya sendiri. Sifat hidup seperti ini disebut,022v001,Autotrof,Heterotrof,Aerob,Anaerob,Aerob Fakultatif,1,6,5,11,4,6,0.55,0.59,2,2
Bakteri tertentu dapat hidup bebas di lingkungan dan membuat makanannya sendiri. Sifat hidup seperti ini disebut,022v002,Autotrof,Heterotrof,Aerob,Anaerob,Aerob Fakultatif,1,0,0,0,3,5,0,0.6,2,2
Sebagian bakteri hidup bebas di lingkungan dan dapat menyintesis makanannya sendiri. Sifat hidup seperti ini disebut,022v003,Autotrof,Heterotrof,Aerob,Anaerob,Aerob Fakultatif,1,0,0,0,6,7,0,0.86,2,1
Bakteri ini membantu dalam pertanian dengan hidup bersama akar tumbuhan kacang-kacangan. Bakteri ini adalah,028v001,Rhizobium leguminosarum,Nitrosomonas,Lactobacillus bulgaricus,Candidatus liberibacter asiaticus,Bacterium papaya,1,3,6,9,2,5,0.33,0.36,2,2
Bakteri ini berkolaborasi dengan akar tumbuhan kacang-kacangan untuk meningkatkan hasil pertanian. Bakteri ini disebut,028v002,Rhizobium leguminosarum,Nitrosomonas,Lactobacillus bulgaricus,Candidatus liberibacter asiaticus,Bacterium papaya,1,0,0,0,1,2,0,0.5,2,2
Bakteri ini bekerja sama dengan akar tumbuhan kacang-kacangan untuk memperbaiki hasil pertanian. Bakteri ini adalah,028v003,Rhizobium leguminosarum,Nitrosomonas,Lactobacillus bulgaricus,Candidatus liberibacter asiaticus,Bacterium papaya,1,0,0,0,2,7,0,0.29,2,3
Hewan-hewan yang termasuk dalam fauna tipe Australis adalah,030v001,"Anoa, komodo, kuskus","Gajah, badak bercula satu, burung merak","Kangguru, cendrawasih, burung kasuari","Anoa, gajah, badak jawa","Komodo, babi, rusa, beruang",3,8,5,13,10,14,0.62,0.67,2,2
Contoh hewan yang merupakan bagian dari fauna tipe Australis adalah,030v002,"Anoa, komodo, kuskus","Gajah, badak bercula satu, burung merak","Kangguru, cendrawasih, burung kasuari","Anoa, gajah, badak jawa","Komodo, babi, rusa, beruang",3,0,0,0,9,15,0,0.6,2,2
Fauna tipe Australis mencakup hewan-hewan seperti,030v003,"Anoa, komodo, kuskus","Gajah, badak bercula satu, burung merak","Kangguru, cendrawasih, burung kasuari","Anoa, gajah, badak jawa","Komodo, babi, rusa, beruang",3,0,0,0,1,1,0,1,2,1
Garis yang membatasi jenis hewan di Indonesia bagian timur dari bagian tengah adalah,031v001,Garis Weber,Garis Khatulistiwa,Garis Wallace,Garis bujur,Garis lintang,1,5,7,12,5,11,0.42,0.43,2,2
Garis yang memisahkan jenis hewan di timur dan tengah Indonesia adalah,031v002,Garis Weber,Garis Khatulistiwa,Garis Wallace,Garis bujur,Garis lintang,1,0,0,0,6,9,0,0.67,2,2
Garis pemisah antara fauna (hewan) di Indonesia bagian timur dan bagian tengah adalah,031v003,Garis Weber,Garis Khatulistiwa,Garis Wallace,Garis bujur,Garis lintang,1,0,0,0,3,5,0,0.6,2,2
Tanaman yang khas di Indonesia bagian Timur termasuk,032v001,"Bunga bangkai, matoa, sagu","Sagu, matoa, pala","Bunga Padma, kayu jati, sagu","Bunga bangkai, bungai padma, bunga paying","Sagu, matoa, kayu jati",2,3,6,9,2,5,0.33,0.36,2,2
Flora yang khas di wilayah Timur Indonesia meliputi,032v002,"Bunga bangkai, matoa, sagu","Sagu, matoa, pala","Bunga Padma, kayu jati, sagu","Bunga bangkai, bungai padma, bunga paying","Sagu, matoa, kayu jati",2,0,0,0,1,4,0,0.25,2,3
Tanaman-tanaman yang khas di bagian Timur Indonesia adalah,032v003,"Bunga bangkai, matoa, sagu","Sagu, matoa, pala","Bunga Padma, kayu jati, sagu","Bunga bangkai, bungai padma, bunga paying","Sagu, matoa, kayu jati",2,0,0,0,2,9,0,0.22,2,3
Pilihlah aktivitas manusia yang tidak bisa menyebabkan punahnya hewan atau tumbuhan,033v001,Membangun tempat tinggal baru dalam hutan,Memburu hewan langka,Membuat cagar alam,Perluasan lahan pertanian,Pertambangan,3,3,4,7,4,5,0.43,0.58,2,2
Mana di antara aktivitas manusia berikut yang tidak dapat menyebabkan punahnya hewan atau tumbuhan,033v002,Membangun tempat tinggal baru dalam hutan,Memburu hewan langka,Membuat cagar alam,Perluasan lahan pertanian,Pertambangan,3,0,0,0,4,7,0,0.57,2,2
Pilihlah aktivitas manusia yang tidak berpotensi menyebabkan punahnya hewan atau tumbuhan,033v003,Membangun tempat tinggal baru dalam hutan,Memburu hewan langka,Membuat cagar alam,Perluasan lahan pertanian,Pertambangan,3,0,0,0,5,10,0,0.5,2,2
Salah satu cara untuk menjaga keanekaragaman hayati adalah,034v001,Penanaman secara monokultur,Membuang limbah rumah tangga ke sungai,Perburuan hewan,Menangkap ikan menggunakan peledak,Pelestarian hewan secara in situ dan ex situ,5,6,6,12,1,5,0.5,0.41,2,2
Cara untuk menjaga keanekaragaman hayati adalah,034v002,Penanaman secara monokultur,Membuang limbah rumah tangga ke sungai,Perburuan hewan,Menangkap ikan menggunakan peledak,Pelestarian hewan secara in situ dan ex situ,5,0,0,0,9,10,0,0.9,2,1
Upaya untuk mempertahankan keanekaragaman hayati adalah,034v003,Penanaman secara monokultur,Membuang limbah rumah tangga ke sungai,Perburuan hewan,Menangkap ikan menggunakan peledak,Pelestarian hewan secara in situ dan ex situ,5,0,0,0,2,5,0,0.4,2,2
Hal-hal yang membentuk keanekaragaman sifat manusia adalah,035v001,Gen,Kromosom,Gen dan lingkungan,Perilaku,Variasi gen dan perilaku,3,5,5,10,2,7,0.5,0.41,2,2
Faktor-faktor yang membentuk perbedaan sifat termasuk,036v002,Gen,Kromosom,Gen dan lingkungan,Perilaku,Variasi gen dan perilaku,3,0,0,0,3,8,0,0.38,2,2
Apa saja yang membentuk keanekaragaman adalah,036v003,Gen,Kromosom,Gen dan lingkungan,Perilaku,Variasi gen dan perilaku,3,0,0,0,6,8,0,0.75,2,1
Dua individu dalam satu jenis memiliki faktor genetik yang sama tetapi memiliki ciri-ciri fisik yang berbeda. Hal ini bisa disebabkan oleh,037v001,Lingkungan,Makanan,Sumber makanan,Keturunan,Reproduksi,1,2,4,6,1,10,0.33,0.19,2,3
Faktor genetik yang sama pada dua individu dari satu jenis namun dengan fenotip yang berbeda bisa disebabkan oleh,037v002,Lingkungan,Makanan,Sumber makanan,Keturunan,Reproduksi,1,0,0,0,4,5,0,0.8,2,1
Alasan dua individu dari satu jenis memiliki genetika yang serupa tetapi fenotip yang berbeda bisa karena,037v003,Lingkungan,Makanan,Sumber makanan,Keturunan,Reproduksi,1,0,0,0,4,7,0,0.57,2,2
Contoh tingkat keanekaragaman jenis adalah,038v001,"Kelapa hijau, kelapa hybrid, kelapa gading","Kelapa, jeruk, manga","Salak pondoh, salak bali, salak condet","Mangga harum manis, mangga gedong, mangga golek","Jeruk bali, jeruk nipis, jeruk medan",2,4,2,6,6,7,0.67,0.77,2,1
Kelompok yang merupakan tingkatan keanekaragaman jenis adalah,038v002,"Kelapa hijau, kelapa hybrid, kelapa gading","Kelapa, jeruk, manga","Salak pondoh, salak bali, salak condet","Mangga harum manis, mangga gedong, mangga golek","Jeruk bali, jeruk nipis, jeruk medan",2,0,0,0,5,8,0,0.63,2,2
Contoh keanekaragaman jenis adalah,038v003,"Kelapa hijau, kelapa hybrid, kelapa gading","Kelapa, jeruk, manga","Salak pondoh, salak bali, salak condet","Mangga harum manis, mangga gedong, mangga golek","Jeruk bali, jeruk nipis, jeruk medan",2,0,0,0,6,8,0,0.75,2,1
"Ekosistem di darat dengan curah hujan sedikit, penguapan tinggi, tanaman berdaun kecil dan jarum, serta hewan reptil, disebut sebagai",039v001,Hutan,Gunung,Gurun,Savana,Tundra,3,3,5,8,0,3,0.38,0.27,2,3
"Bioma yang terdapat di darat dengan sedikit hujan, banyak penguapan, tanaman kecil berdaun jarum, dan hewan seperti reptil, dikenal sebagai",039v002,Hutan,Gunung,Gurun,Savana,Tundra,3,0,0,0,5,8,0,0.63,2,2
"Di darat, ekosistem dengan sedikit hujan, banyak penguapan, tanaman kecil berdaun jarum, dan reptil adalah contoh dari",039v003,Hutan,Gunung,Gurun,Savana,Tundra,3,0,0,0,4,8,0,0.5,2,2
Tanaman Melanesia yang sering ditemukan di wilayah Indonesia Timur adalah,044v001,Matoa,Meranti,Salak,Durian,Sukun,1,2,4,6,7,11,0.33,0.53,2,2
Flora Melanesia yang banyak ada di bagian timur Indonesia adalah,044v002,Matoa,Meranti,Salak,Durian,Sukun,1,0,0,0,2,3,0,0.67,2,2
Tanaman-tanaman Melanesia yang tersebar luas di wilayah Indonesia Timur adalah,044v003,Matoa,Meranti,Salak,Durian,Sukun,1,0,0,0,4,10,0,0.4,2,2
Hewan-hewan khas Indonesia contohnya,045v001,Beruang madu,Harimau,Burung cendrawasih,Tarsius,Komodo,5,4,4,8,4,6,0.5,0.57,2,2
Fauna unik yang hidup secara alami di Indonesia seperti,045v002,Beruang madu,Harimau,Burung cendrawasih,Tarsius,Komodo,5,0,0,0,2,5,0,0.4,2,2
Hewan endemik yang ada di Indonesia,045v003,Beruang madu,Harimau,Burung cendrawasih,Tarsius,Komodo,5,0,0,0,3,7,0,0.43,2,2
Sistem klasifikasi yang memperhitungkan hubungan kekerabatan adalah,047v001,Alami,Artifisial,Fisiologi,Morfologi,Filogenik,5,6,6,12,1,3,0.5,0.47,2,2
Cara klasifikasi yang memperhatikan hubungan kekerabatan disebut sebagai,047v002,Alami,Artifisial,Fisiologi,Morfologi,Filogenik,5,0,0,0,2,5,0,0.4,2,2
Sistem klasifikasi dengan memperhatikan hubungan kekerabatan disebut,047v003,Alami,Artifisial,Fisiologi,Morfologi,Filogenik,5,0,0,0,4,7,0,0.57,2,2
Sistem klasifikasi pertama yang dikembangkan oleh ilmuwan adalah,050v001,Sistem enam kingdom,Sistem lima kingdom,Sistem dua kingdom,Sistem tiga kingdom,Sistem empat kingdom,3,2,4,6,4,9,0.33,0.4,2,2
Sistem klasifikasi awal yang dikembangkan oleh ilmuwan adalah,050v002,Sistem enam kingdom,Sistem lima kingdom,Sistem dua kingdom,Sistem tiga kingdom,Sistem empat kingdom,3,0,0,0,6,12,0,0.5,2,2
Sistem klasifikasi pertama yang dikembangkan oleh ilmuwan adalah,050v003,Sistem enam kingdom,Sistem lima kingdom,Sistem dua kingdom,Sistem tiga kingdom,Sistem empat kingdom,3,0,0,0,0,0,0,0,2,3
"Sistem pengelompokan dapat disederhanakan dengan mempertimbangkan manfaatnya. Misalnya, tanaman seperti bunga mawar, melati, kuping gajah, dan aglonema dapat dikelompokkan bersama",058v001,Tanaman obat,Tanaman pangan,Tanaman buah,Tanaman hias,Tanaman sayur,4,4,3,7,7,10,0.57,0.65,2,2
"Pengklasifikasian sederhana dapat dilakukan berdasarkan manfaatnya. Sebagai contoh, tanaman seperti bunga mawar, melati, kuping gajah, dan aglonema dapat ditempatkan dalam satu kelompok",058v002,Tanaman obat,Tanaman pangan,Tanaman buah,Tanaman hias,Tanaman sayur,4,0,0,0,8,8,0,1,2,1
"Sistem klasifikasi bisa lebih mudah dengan memperhatikan kegunaannya. Contohnya, tanaman seperti bunga mawar, melati, kuping gajah, dan aglonema dapat diatur dalam satu kelompok",058v003,Tanaman obat,Tanaman pangan,Tanaman buah,Tanaman hias,Tanaman sayur,4,0,0,0,5,5,0,1,2,1
"Perhatikan beberapa hewan berikut : 1) Gorilla,  2) Kuda, 3) Kambing, 4) Orang utan, 5) Keledai, 6) Simpanse. Berdasarkan filogenik hubungan kekerabatan yang paling dekat adalah",059v001,"4, 5 dan 6 ","1,4 dan 6 ","1,2 dan 5","2,3 dan 4 ","3,4 dan 6",2,4,2,6,7,7,0.67,0.85,2,1
"Hewan dengan hubungan kekerabatan terdekat adalah 1) Gorilla,  2) Kuda, 3) Kambing, 4) Orang utan, 5) Keledai, 6) Simpanse. ",059v002,"4, 5 dan 6 ","1,4 dan 6 ","1,2 dan 5","2,3 dan 4 ","3,4 dan 6",2,0,0,0,9,10,0,0.9,2,1
"Menurut filogeni, hewan yang paling dekat kekerabatannya adalah: 1) Gorilla,  2) Kuda, 3) Kambing, 4) Orang utan, 5) Keledai, 6) Simpanse. ",059v003,"4, 5 dan 6 ","1,4 dan 6 ","1,2 dan 5","2,3 dan 4 ","3,4 dan 6",2,0,0,0,7,12,0,0.58,2,2
Generasi sporofit pada tumbuhan lumut menghasilkan,062v001,Protonema,Anteridium,Arkegonium,Gamet,Spora,5,3,7,10,3,6,0.3,0.38,2,2
Sporofit pada tumbuhan lumut adalah generasi yang membuat,062v002,Protonema,Anteridium,Arkegonium,Gamet,Spora,5,0,0,0,3,6,0,0.5,2,2
"Pada tumbuhan lumut, sporofit adalah generasi yang menghasilkan",062v003,Protonema,Anteridium,Arkegonium,Gamet,Spora,5,0,0,0,5,7,0,0.71,2,1
"Tumbuhan lumut memiliki sistem reproduksi dalam satu pohon, yang berarti",064v001,Anteridium dan arkegonium terdapat pada satu talus yang sama,Anteridium dan arkegonium terdapat pada talus yang berbeda,Pada talus lumut hanya terdapat satu anteridium,Pada talus lumut hanya terdapat satu arkegonium,Pada talus lumut dibentuk satu antridium dan satu anteridium,1,2,4,6,4,7,0.33,0.46,2,2
"Tumbuhan lumut ada yang berumah satu, artinya ",064v002,Anteridium dan arkegonium terdapat pada satu talus yang sama,Anteridium dan arkegonium terdapat pada talus yang berbeda,Pada talus lumut hanya terdapat satu anteridium,Pada talus lumut hanya terdapat satu arkegonium,Pada talus lumut dibentuk satu antridium dan satu anteridium,1,0,0,0,1,7,0,0.14,2,3
Sistem reproduksi tumbuhan lumut adalah,064v003,Anteridium dan arkegonium terdapat pada satu talus yang sama,Anteridium dan arkegonium terdapat pada talus yang berbeda,Pada talus lumut hanya terdapat satu anteridium,Pada talus lumut hanya terdapat satu arkegonium,Pada talus lumut dibentuk satu antridium dan satu anteridium,1,0,0,0,3,12,0,0.25,2,3
"Pada tumbuhan lumut, bagian yang bertanggung jawab untuk menyerap air dan mineral adalah",067v001,Akar,Seta,Rhizoid,Kapsul,Vaginula,3,3,7,10,5,13,0.3,0.35,2,2
"Di tumbuhan lumut, yang berperan untuk menyerap air dan mineral adalah",067v002,Akar,Seta,Rhizoid,Kapsul,Vaginula,3,0,0,0,2,4,0,0.5,2,2
"Pada tumbuhan lumut, yang melaksanakan fungsi menyerap air dan mineral adalah",067v003,Akar,Seta,Rhizoid,Kapsul,Vaginula,3,0,0,0,5,7,0,0.71,2,1
Bagian dari tumbuhan Pteridophyta yang menunjukkan perkembangan lebih maju dibandingkan tumbuhan Bryophyta adalah,070v001,Gigi peristom,Kapsul spora,Jaringan steril,Rhizoid multiseluler,Jaringan angkut,5,3,6,9,1,5,0.33,0.29,2,3
Bagian tumbuhan Pteridophyta yang menunjukkan kemajuan lebih lanjut dibandingkan dengan tumbuhan Bryophyta adalah,070v002,Gigi peristom,Kapsul spora,Jaringan steril,Rhizoid multiseluler,Jaringan angkut,5,0,0,0,2,7,0,0.29,2,3
"Di tumbuhan Pteridophyta, bagian yang menunjukkan tingkat perkembangan lebih maju daripada tumbuhan Bryophyta adalah",070v003,Gigi peristom,Kapsul spora,Jaringan steril,Rhizoid multiseluler,Jaringan angkut,5,0,0,0,1,4,0,0.25,2,3
"Fase-fase dalam perkembangbiakan tumbuhan paku yang urut adalah : 1) tumbuhan paku dengan sporangium, 2) protalium, 3) spora, 4) zigot, 5) embrio, 6) tumbuhan paku muda",072v001,3 – 1 – 2 – 5 – 4 – 6,3 – 4 – 5 – 2 – 6 – 1,3 – 2 – 4 – 5 – 6 – 1,3 – 2 – 5 – 4 – 6 – 1,3 – 5 – 4 – 2 – 1 – 6,2,3,3,6,2,8,0.5,0.36,2,2
"Ditemukan fase-fase dari perkembangbiakan tumbuhan paku adalah seperti berikut.1) tumbuhan paku dengan sporangium, 2)protalium, 3)spora, 4)zigot, 5)embrio, 6)tumbuhan paku muda. Dari fase-fase perkembangbiakan paku tersebut dapat disusun secara urut adalah",072v002,3 – 1 – 2 – 5 – 4 – 6,3 – 4 – 5 – 2 – 6 – 1,3 – 2 – 4 – 5 – 6 – 1,3 – 2 – 5 – 4 – 6 – 1,3 – 5 – 4 – 2 – 1 – 6,2,0,0,0,2,7,0,0.29,2,3
"Berikut adalah fase-fase dalam perkembangbiakan tumbuhan paku, urutkan secara tepat: 1) tumbuhan paku dengan sporangium, 2) protalium, 3) spora, 4) zigot, 5) embrio, 6) tumbuhan paku muda.",072v003,3 – 1 – 2 – 5 – 4 – 6,3 – 4 – 5 – 2 – 6 – 1,3 – 2 – 4 – 5 – 6 – 1,3 – 2 – 5 – 4 – 6 – 1,3 – 5 – 4 – 2 – 1 – 6,2,0,0,0,4,14,0,0.29,2,3
Bagian tumbuhan Pteridophyta yang membentuk gamet adalah,073v001,Mikroprotalium,Anteridium,Makroprotalium,Sporangium,Sporogonium,4,1,1,2,4,9,0.5,0.45,2,2
"Pada tumbuhan Pteridophyta, gamet terbentuk di bagian",073v002,Mikroprotalium,Anteridium,Makroprotalium,Sporangium,Sporogonium,4,0,0,0,0,5,0,0,2,3
Struktur yang menghasilkan gamet pada tumbuhan Pteridophyta ada di bagian,073v003,Mikroprotalium,Anteridium,Makroprotalium,Sporangium,Sporogonium,4,0,0,0,0,4,0,0,2,3
Protalium adalah bagian dari generasi paku yang menghasilkan,082v001,Spora,Gamet,Biji,Kromosom haploid,Sorus,2,5,4,9,1,4,0.56,0.46,2,2
Protalium termasuk generasi pada tumbuhan paku yang menghasilkan,082v002,Spora,Gamet,Biji,Kromosom haploid,Sorus,2,0,0,0,5,8,0,0.63,2,2
Generasi tumbuhan paku yang menghasilkan protalium adalah,082v003,Spora,Gamet,Biji,Kromosom haploid,Sorus,2,0,0,0,3,9,0,0.33,2,2
Tumbuhan manakah yang memiliki kabium,088v001,Pisang,Padi,Jagung,Tebu,Kacang tanah,5,2,4,6,3,8,0.33,0.36,2,2
Tumbuhan apa yang memiliki kambium,088v002,Pisang,Padi,Jagung,Tebu,Kacang tanah,5,0,0,0,2,4,0,0.5,2,2
Contoh tumbuhan yang memiliki kabium,088v003,Pisang,Padi,Jagung,Tebu,Kacang tanah,5,0,0,0,3,4,0,0.75,2,1
Pipa kapiler yang mengangkut air di dalam tubuh tumbuhan adalah,089v001,Xylem,Floem,Berkas pembuluh,Trakeid,Trakea,1,2,3,5,4,7,0.4,0.5,2,2
Pipa kapiler yang berperan dalam pengangkutan air di dalam tubuh tumbuhan adalah,089v002,Xylem,Floem,Berkas pembuluh,Trakeid,Trakea,1,0,0,0,5,7,0,0.71,2,1
"Untuk mengangkut air di dalam tubuh tumbuhan, digunakan pipa kapiler yang disebut",089v003,Xylem,Floem,Berkas pembuluh,Trakeid,Trakea,1,0,0,0,3,6,0,0.5,2,2
Sporangium adalah struktur,092v001,Daun yang tidak mengandung spora,Daun yang mengandung spora,Kotak spora yang menghasilkan spora,Pelindung spora,Spora yang berukuran kecil,3,4,5,9,5,6,0.44,0.6,2,2
Pengertin sporangium yaitu,092v002,Daun yang tidak mengandung spora,Daun yang mengandung spora,Kotak spora yang menghasilkan spora,Pelindung spora,Spora yang berukuran kecil,3,0,0,0,3,9,0,0.33,2,2
Sporangium adalah,092v003,Daun yang tidak mengandung spora,Daun yang mengandung spora,Kotak spora yang menghasilkan spora,Pelindung spora,Spora yang berukuran kecil,3,0,0,0,1,5,0,0.2,2,3
"Dalam anatomi biji monokotil, bagian yang menyimpan cadangan makanan adalah",095v001,Endospermae,Radikula,Hipokoti,Epikotil,Kotiledon,1,3,3,6,2,2,0.5,0.63,2,2
Bagian biji monokotil yang berfungsi sebagai tempat cadangan makanan adalah,095v002,Endospermae,Radikula,Hipokoti,Epikotil,Kotiledon,1,0,0,0,8,11,0,0.73,2,1
"Pada anatomi biji monokotil, bagian biji yang berperan untuk cadangan makanan adalah",095v003,Endospermae,Radikula,Hipokoti,Epikotil,Kotiledon,1,0,0,0,3,4,0,0.75,2,1
Pinus adalah bagian dari kelompok Gymnospermae dari divisi,097v001,Pteridophyta,Equisetophyta,Lycopodophyta,Cycodophyta,Pinophyta,5,5,7,12,3,8,0.42,0.4,2,2
"Dalam divisi, Pinus termasuk ke dalam anggota Gymnospermae",097v002,Pteridophyta,Equisetophyta,Lycopodophyta,Cycodophyta,Pinophyta,5,0,0,0,1,9,0,0.11,2,3
Anggota Gymnospermae dalam divisi termasuk,097v003,Pteridophyta,Equisetophyta,Lycopodophyta,Cycodophyta,Pinophyta,5,0,0,0,3,7,0,0.43,2,2
"Berikut ini adalah beberapa spesies dari kingdom Plantae yang sering digunakan sebagai sumber utama karbohidrat, seperti",099v001,Cocos nucifera,Ficus benjamina,Salacca sp,Psidium guajava,Oryza sativa,5,4,7,11,11,16,0.36,0.56,2,2
Contoh-contoh spesies dari kingdom Plantae yang umumnya menjadi sumber utama karbohidrat adalah,099v002,Cocos nucifera,Ficus benjamina,Salacca sp,Psidium guajava,Oryza sativa,5,0,0,0,5,5,0,1,2,1
Spesies dari kingdom Plantae yang biasanya digunakan sebagai sumber utama karbohidrat meliputi,099v003,Cocos nucifera,Ficus benjamina,Salacca sp,Psidium guajava,Oryza sativa,5,0,0,0,4,7,0,0.57,2,2
CO2 bisa mengakibatkan,102v001,Perubahan suhu udara,Gangguan respirasi manusia,Korosi pada logam,Peningkatan suhu udara,Terbentuknya hujan asam,4,5,5,10,2,6,0.5,0.44,2,2
CO2 adalah polutan udara yang dapat menyebabkan,102v002,Perubahan suhu udara,Gangguan respirasi manusia,Korosi pada logam,Peningkatan suhu udara,Terbentuknya hujan asam,4,0,0,0,4,6,0,0.67,2,2
Dampak polutan udara adalah,102v003,Perubahan suhu udara,Gangguan respirasi manusia,Korosi pada logam,Peningkatan suhu udara,Terbentuknya hujan asam,4,0,0,0,6,13,0,0.46,2,2
Pernyataan yang salah adalah,105v001,Mencapai kelestarian hubungan manusia dengan lingkungan hidup sebagai tujuan membangun manusia seutuhnya,Mewujudkan manusia sebagai pembina lingkungan hidup,Pemanfaatan sumber daya sesuai dengan keinginan manusia,Melaksanakan pembangunan berwawasan lingkungan untuk kepentingan generasi sekarang dan mendatang,Negara memiliki peranan penting agar kelestarian alam dapat terjaga,3,5,10,15,9,12,0.33,0.52,2,2
Pernyataan yang tidak tepat tentang perlindungan lingkungan adalah,105v002,Mencapai kelestarian hubungan manusia dengan lingkungan hidup sebagai tujuan membangun manusia seutuhnya,Mewujudkan manusia sebagai pembina lingkungan hidup,Pemanfaatan sumber daya sesuai dengan keinginan manusia,Melaksanakan pembangunan berwawasan lingkungan untuk kepentingan generasi sekarang dan mendatang,Negara memiliki peranan penting agar kelestarian alam dapat terjaga,3,0,0,0,8,10,0,0.8,2,1
Pernyataan yang tidak benar adalah,105v003,Mencapai kelestarian hubungan manusia dengan lingkungan hidup sebagai tujuan membangun manusia seutuhnya,Mewujudkan manusia sebagai pembina lingkungan hidup,Pemanfaatan sumber daya sesuai dengan keinginan manusia,Melaksanakan pembangunan berwawasan lingkungan untuk kepentingan generasi sekarang dan mendatang,Negara memiliki peranan penting agar kelestarian alam dapat terjaga,3,0,0,0,3,6,0,0.5,2,2
"Bencana banjir yang melanda beberapa kota tidak hanya disebabkan oleh tingginya curah hujan. Faktor kerusakan hutan di kawasan tangkapan air wilayah hulu sungai diidentifikasi sebagai penyebab utama sering terjadinya banjir. Dampaknya juga berupa pendangkalan sungai. Kerusakan hutan disebabkan oleh beberapa kegiatan manusia, antara lain pembelakan liar dan penambangan liar. Kerusakan hutan juga banyak terjadi akibat kebakaran hutan, alih fungsi hutan menjadi kebun kelapa sawit, pertambangan batu baru, dan penambangan emas liar. Cara mengatasi permasalahan tersebut adalah",106v001,Membangun tanggul-tanggul di sepanjang aliran sungai,Merevisi undang-undang tentang pencemaran,Melarang usaha penambangan atau eksploitasi sumber daya alam,Mengharuskan pabrik atau proyek melakukan analisa dampak lingkungan,Memperketat pendidikan terhadap masyarakat dengan sistem,4,1,1,2,4,8,0.5,0.5,2,2
"Bencana banjir yang menghantam beberapa kota tidak hanya disebabkan oleh tingginya curah hujan. Kerusakan hutan di daerah tangkapan air di hulu sungai diidentifikasi sebagai penyebab utama seringnya terjadinya banjir, yang juga menyebabkan pendangkalan sungai. Kerusakan hutan ini disebabkan oleh berbagai kegiatan manusia seperti pembalakan liar dan penambangan ilegal. Selain itu, kebakaran hutan, konversi hutan menjadi kebun kelapa sawit, pertambangan batu bara, dan penambangan emas liar juga berkontribusi terhadap kerusakan hutan. Upaya untuk mengatasi permasalahan ini adalah",106v002,Membangun tanggul-tanggul di sepanjang aliran sungai,Merevisi undang-undang tentang pencemaran,Melarang usaha penambangan atau eksploitasi sumber daya alam,Mengharuskan pabrik atau proyek melakukan analisa dampak lingkungan,Memperketat pendidikan terhadap masyarakat dengan sistem,4,0,0,0,2,7,0,0.29,2,3
"Langkah-langkah untuk mengatasi bencana seperti banjir, tanah longsor adalah",106v003,Membangun tanggul-tanggul di sepanjang aliran sungai,Merevisi undang-undang tentang pencemaran,Melarang usaha penambangan atau eksploitasi sumber daya alam,Mengharuskan pabrik atau proyek melakukan analisa dampak lingkungan,Memperketat pendidikan terhadap masyarakat dengan sistem,4,0,0,0,2,10,0,0.2,2,3
Pengelolaan biologis dianggap paling efektif dalam penanganan limbah dari bahan berbahaya dan beracun (limbah B3) karena,108v001,membutuhkan waktu yang relatif singkat,biaya yang dibutuhkan relatif murah,tidak menimbulkan limbah baru bagi lingkungan,tidak membutuhkan teknologi yang rumit,meminimalisir dampak bagi lingkungan,5,4,4,8,2,6,0.5,0.43,2,2
Cara terbaik untuk mengatasi limbah dari bahan berbahaya dan beracun (limbah B3) adalah dengan pengelolaan secara biologis karena,108v002,membutuhkan waktu yang relatif singkat,biaya yang dibutuhkan relatif murah,tidak menimbulkan limbah baru bagi lingkungan,tidak membutuhkan teknologi yang rumit,meminimalisir dampak bagi lingkungan,5,0,0,0,2,8,0,0.25,2,3
Pengelolaan biologis dianggap sebagai solusi terbaik dalam menanggulangi limbah dari bahan berbahaya dan beracun (limbah B3) karena,108v003,membutuhkan waktu yang relatif singkat,biaya yang dibutuhkan relatif murah,tidak menimbulkan limbah baru bagi lingkungan,tidak membutuhkan teknologi yang rumit,meminimalisir dampak bagi lingkungan,5,0,0,0,0,0,0,0,2,3
"Untuk mengendalikan populasi serangga yang merusak tanaman pertanian secara serius tanpa dampak negatif bagi lingkungan, metode yang digunakan adalah",112v001,disemprot pestisida,radiasi dengan zat radioaktif,ditangkap beramai-ramai,Dilepas pejantan steril,dilepaskan katak hijau,4,2,2,4,0,0,0.5,0.5,2,2
Meningkatmya populasi sejenis Insecta yang merusak tanaman pertanian perlu dikendalikan secara serius. Cara pengendalian yang tidak menimbulkan dampak negtif bagi lingkungan adalah,112v002,disemprot pestisida,radiasi dengan zat radioaktif,ditangkap beramai-ramai,Dilepas pejantan steril,dilepaskan katak hijau,4,0,0,0,0,7,0,0,2,3
Populasi serangga perusak tanaman pertanian yang meningkat perlu dikendalikan dengan serius. Cara pengendalian yang ramah lingkungan adalah,112v003,disemprot pestisida,radiasi dengan zat radioaktif,ditangkap beramai-ramai,Dilepas pejantan steril,dilepaskan katak hijau,4,0,0,0,0,10,0,0,2,3
Pencemaran sampah plastik dalam tanah selain mengurangi kemampuan daya dukung tanah juga merupakan polutan yang tidak dapat diuraikan. Untuk menanggulanginya dilakukan,113v001,penyuluhan pada masyarakat agar tidak menggunakan plastik,penelitian cara penguraian plastik dalam tanah,penggantian bahan plastik,penguraian produksi plastik,pendaur ulang limbah plastik,5,5,4,9,5,10,0.56,0.53,2,2
"Selain mengurangi kemampuan daya dukung tanah, pencemaran sampah plastik juga tidak dapat diuraikan. Upaya untuk menanggulangi hal ini adalah",113v002,penyuluhan pada masyarakat agar tidak menggunakan plastik,penelitian cara penguraian plastik dalam tanah,penggantian bahan plastik,penguraian produksi plastik,pendaur ulang limbah plastik,5,0,0,0,7,10,0,0.7,2,2
Pencemaran plastik dalam tanah mengurangi daya dukung tanah dan tidak bisa diuraikan. Upaya penanggulangannya adalah,113v003,penyuluhan pada masyarakat agar tidak menggunakan plastik,penelitian cara penguraian plastik dalam tanah,penggantian bahan plastik,penguraian produksi plastik,pendaur ulang limbah plastik,5,0,0,0,0,0,0,0,2,3
Penggunaan kendaraan bermotor dan alat-alat yang mengandung CFC bisa menyebabkan,114v001,peningkatan polutan biologis yan mencemari udara,peningkatan kadar CO2 di atmosfir dan penipisan lapisan ozon,menurunnya kadar oksigen di atas permukan air laut,menurunnya kualitas udara bersih di hutan hujan tropis,peningkatan kemampuan tumbuhan hijau dlam berfotosintesis,2,3,4,7,4,10,0.43,0.41,2,2
Kendaraan bermotor dan alat-alat dengan CFC dapat mengakibatkan,114v002,peningkatan polutan biologis yan mencemari udara,peningkatan kadar CO2 di atmosfir dan penipisan lapisan ozon,menurunnya kadar oksigen di atas permukan air laut,menurunnya kualitas udara bersih di hutan hujan tropis,peningkatan kemampuan tumbuhan hijau dlam berfotosintesis,2,0,0,0,3,4,0,0.75,2,1
Akibat dari penggunaan kendaraan bermotor dan alat-alat yang mengandung CFC adalah,114v003,peningkatan polutan biologis yan mencemari udara,peningkatan kadar CO2 di atmosfir dan penipisan lapisan ozon,menurunnya kadar oksigen di atas permukan air laut,menurunnya kualitas udara bersih di hutan hujan tropis,peningkatan kemampuan tumbuhan hijau dlam berfotosintesis,2,0,0,0,0,0,0,0,2,3
Tindakan yang kita lakukan untuk menerapkan prinsip etika lingkungan tersebut adalah,115v001,pemanfaatan sumber daya alam secara maksimal,pemanfaatan sumber daya alam secara optimal,eksploitasi sumber daya alam untuk kepentingan manusia,eksploitasi sumber daya alam untuk kepentingan pembangunan,melindungi semua spesies untuk kepentingan manusia,5,2,2,4,1,9,0.5,0.23,2,3
"Dalam rangka menerapkan prinsip etika lingkungan tersebut, tindakan yang kita ambil adalah",115v002,pemanfaatan sumber daya alam secara maksimal,pemanfaatan sumber daya alam secara optimal,eksploitasi sumber daya alam untuk kepentingan manusia,eksploitasi sumber daya alam untuk kepentingan pembangunan,melindungi semua spesies untuk kepentingan manusia,5,0,0,0,0,0,0,0,2,3
"Untuk menjalankan prinsip etika lingkungan itu, kita perlu melakukan tindakan",115v003,pemanfaatan sumber daya alam secara maksimal,pemanfaatan sumber daya alam secara optimal,eksploitasi sumber daya alam untuk kepentingan manusia,eksploitasi sumber daya alam untuk kepentingan pembangunan,melindungi semua spesies untuk kepentingan manusia,5,0,0,0,1,11,0,0.09,2,3
Salah satu pengaruh hutan terhadap lingkungan adalah hubungannya dengan iklim. Ini terjadi karena hutan,116v001,memiliki keanekaragaman tumbuhan,memiliki keanekaragaman satwa,menghasilkan uap air yang membentuk hujan,selalu terletak pada daerah pegunungan,mampu menyimpan air yang jatuh di tanah,3,2,3,5,3,8,0.4,0.38,2,2
"Hutan mempengaruhi lingkungan, terutama dalam hal iklim. Ini karena hutan",116v002,memiliki keanekaragaman tumbuhan,memiliki keanekaragaman satwa,menghasilkan uap air yang membentuk hujan,selalu terletak pada daerah pegunungan,mampu menyimpan air yang jatuh di tanah,3,0,0,0,0,0,0,0,2,3
Pengaruh hutan terhadap lingkungan mencakup iklim. Hal ini disebabkan oleh hutan yang,116v003,memiliki keanekaragaman tumbuhan,memiliki keanekaragaman satwa,menghasilkan uap air yang membentuk hujan,selalu terletak pada daerah pegunungan,mampu menyimpan air yang jatuh di tanah,3,0,0,0,2,6,0,0.33,2,2